기간구분,기간시작,기간종료,축,축값,채널그룹,단계,단계순서,인원,방문수,전환율
7월전체,2026-07-01,2026-07-31,전체,전체,전체,방문,0,10091,10091,1.0000
7월전체,2026-07-01,2026-07-31,전체,전체,전체,AI감정시작,1,129,10091,0.0128
7월전체,2026-07-01,2026-07-31,전체,전체,전체,AI시세조회,2,108,10091,0.0107
7월전체,2026-07-01,2026-07-31,전체,전체,전체,등록시작,3,126,10091,0.0125
7월전체,2026-07-01,2026-07-31,전체,전체,전체,사진업로드,4,41,10091,0.0041
7월전체,2026-07-01,2026-07-31,전체,전체,전체,견적등록,5,65,10091,0.0064
7월전체,2026-07-01,2026-07-31,전체,전체,전체,견적조회,6,57,10091,0.0056
7월전체,2026-07-01,2026-07-31,전체,전체,전체,낙찰,7,11,10091,0.0011
7월전체,2026-07-01,2026-07-31,전체,전체,전체,자산등록,8,5,10091,0.0005
7월전체,2026-07-01,2026-07-31,전체,전체,전체,자산시세확인,9,3,10091,0.0003
7월전체,2026-07-01,2026-07-31,전체,전체,전체,담보CTA클릭,10,0,10091,0.0000
전반기,2026-07-01,2026-07-15,전체,전체,전체,방문,0,6795,6795,1.0000
전반기,2026-07-01,2026-07-15,전체,전체,전체,AI감정시작,1,47,6795,0.0069
전반기,2026-07-01,2026-07-15,전체,전체,전체,AI시세조회,2,42,6795,0.0062
전반기,2026-07-01,2026-07-15,전체,전체,전체,등록시작,3,76,6795,0.0112
전반기,2026-07-01,2026-07-15,전체,전체,전체,사진업로드,4,23,6795,0.0034
전반기,2026-07-01,2026-07-15,전체,전체,전체,견적등록,5,30,6795,0.0044
전반기,2026-07-01,2026-07-15,전체,전체,전체,견적조회,6,24,6795,0.0035
전반기,2026-07-01,2026-07-15,전체,전체,전체,낙찰,7,6,6795,0.0009
후반기,2026-07-16,2026-07-31,전체,전체,전체,방문,0,3450,3450,1.0000
후반기,2026-07-16,2026-07-31,전체,전체,전체,AI감정시작,1,84,3450,0.0243
후반기,2026-07-16,2026-07-31,전체,전체,전체,AI시세조회,2,67,3450,0.0194
후반기,2026-07-16,2026-07-31,전체,전체,전체,등록시작,3,53,3450,0.0154
후반기,2026-07-16,2026-07-31,전체,전체,전체,사진업로드,4,19,3450,0.0055
후반기,2026-07-16,2026-07-31,전체,전체,전체,견적등록,5,37,3450,0.0107
후반기,2026-07-16,2026-07-31,전체,전체,전체,견적조회,6,37,3450,0.0107
후반기,2026-07-16,2026-07-31,전체,전체,전체,낙찰,7,5,3450,0.0014
클린윈도우,2026-07-21,2026-07-31,전체,전체,전체,방문,0,1187,1187,1.0000
클린윈도우,2026-07-21,2026-07-31,전체,전체,전체,AI감정시작,1,75,1187,0.0632
클린윈도우,2026-07-21,2026-07-31,전체,전체,전체,AI시세조회,2,59,1187,0.0497
클린윈도우,2026-07-21,2026-07-31,전체,전체,전체,등록시작,3,45,1187,0.0379
클린윈도우,2026-07-21,2026-07-31,전체,전체,전체,사진업로드,4,16,1187,0.0135
클린윈도우,2026-07-21,2026-07-31,전체,전체,전체,견적등록,5,33,1187,0.0278
클린윈도우,2026-07-21,2026-07-31,전체,전체,전체,견적조회,6,34,1187,0.0286
클린윈도우,2026-07-21,2026-07-31,전체,전체,전체,낙찰,7,5,1187,0.0042
클린윈도우,2026-07-21,2026-07-31,전체,전체,전체,자산등록,8,3,1187,0.0025
클린윈도우,2026-07-21,2026-07-31,전체,전체,전체,자산시세확인,9,2,1187,0.0017
클린윈도우,2026-07-21,2026-07-31,전체,전체,전체,담보CTA클릭,10,0,1187,0.0000
클린윈도우,2026-07-21,2026-07-31,채널,ig / paid,유료,방문,0,961,961,1.0000
클린윈도우,2026-07-21,2026-07-31,채널,ig / paid,유료,AI감정시작,1,29,961,0.0302
클린윈도우,2026-07-21,2026-07-31,채널,ig / paid,유료,AI시세조회,2,21,961,0.0219
클린윈도우,2026-07-21,2026-07-31,채널,ig / paid,유료,등록시작,3,6,961,0.0062
클린윈도우,2026-07-21,2026-07-31,채널,ig / paid,유료,견적등록,5,5,961,0.0052
클린윈도우,2026-07-21,2026-07-31,채널,ig / paid,유료,낙찰,7,0,961,0.0000
클린윈도우,2026-07-21,2026-07-31,채널,l.instagram.com / referral,오가닉,방문,0,56,56,1.0000
클린윈도우,2026-07-21,2026-07-31,채널,l.instagram.com / referral,오가닉,AI감정시작,1,29,56,0.5179
클린윈도우,2026-07-21,2026-07-31,채널,l.instagram.com / referral,오가닉,AI시세조회,2,25,56,0.4464
클린윈도우,2026-07-21,2026-07-31,채널,l.instagram.com / referral,오가닉,등록시작,3,16,56,0.2857
클린윈도우,2026-07-21,2026-07-31,채널,l.instagram.com / referral,오가닉,견적등록,5,15,56,0.2679
클린윈도우,2026-07-21,2026-07-31,채널,l.instagram.com / referral,오가닉,낙찰,7,0,56,0.0000
클린윈도우,2026-07-21,2026-07-31,채널,(direct) / (none),직접,방문,0,126,126,1.0000
클린윈도우,2026-07-21,2026-07-31,채널,(direct) / (none),직접,AI감정시작,1,6,126,0.0476
클린윈도우,2026-07-21,2026-07-31,채널,(direct) / (none),직접,AI시세조회,2,4,126,0.0317
클린윈도우,2026-07-21,2026-07-31,채널,(direct) / (none),직접,등록시작,3,14,126,0.1111
클린윈도우,2026-07-21,2026-07-31,채널,(direct) / (none),직접,견적등록,5,9,126,0.0714
클린윈도우,2026-07-21,2026-07-31,채널,(direct) / (none),직접,낙찰,7,4,126,0.0317
클린윈도우,2026-07-21,2026-07-31,채널,m.search.naver.com / referral,검색,방문,0,8,8,1.0000
클린윈도우,2026-07-21,2026-07-31,채널,m.search.naver.com / referral,검색,AI감정시작,1,3,8,0.3750
클린윈도우,2026-07-21,2026-07-31,채널,m.search.naver.com / referral,검색,AI시세조회,2,3,8,0.3750
클린윈도우,2026-07-21,2026-07-31,채널,m.search.naver.com / referral,검색,등록시작,3,2,8,0.2500
클린윈도우,2026-07-21,2026-07-31,채널,m.search.naver.com / referral,검색,견적등록,5,0,8,0.0000
클린윈도우,2026-07-21,2026-07-31,채널,google / organic,검색,방문,0,10,10,1.0000
클린윈도우,2026-07-21,2026-07-31,채널,google / organic,검색,AI감정시작,1,2,10,0.2000
클린윈도우,2026-07-21,2026-07-31,채널,google / organic,검색,AI시세조회,2,1,10,0.1000
클린윈도우,2026-07-21,2026-07-31,채널,google / organic,검색,등록시작,3,2,10,0.2000
클린윈도우,2026-07-21,2026-07-31,채널,google / organic,검색,견적등록,5,1,10,0.1000
클린윈도우,2026-07-21,2026-07-31,채널,google / organic,검색,낙찰,7,1,10,0.1000
7월전체,2026-07-01,2026-07-31,채널,fb / paid,유료,방문,0,5724,5724,1.0000
7월전체,2026-07-01,2026-07-31,채널,fb / paid,유료,AI시세조회,2,1,5724,0.0002
7월전체,2026-07-01,2026-07-31,채널,fb / paid,유료,견적등록,5,0,5724,0.0000
7월전체,2026-07-01,2026-07-31,채널,fb / paid,유료,낙찰,7,0,5724,0.0000
7월전체,2026-07-01,2026-07-31,채널,ig / paid,유료,방문,0,3832,3832,1.0000
7월전체,2026-07-01,2026-07-31,채널,ig / paid,유료,AI시세조회,2,25,3832,0.0065
7월전체,2026-07-01,2026-07-31,채널,ig / paid,유료,견적등록,5,6,3832,0.0016
7월전체,2026-07-01,2026-07-31,채널,ig / paid,유료,낙찰,7,0,3832,0.0000
7월전체,2026-07-01,2026-07-31,채널,(direct) / (none),직접,방문,0,302,302,1.0000
7월전체,2026-07-01,2026-07-31,채널,(direct) / (none),직접,AI시세조회,2,10,302,0.0331
7월전체,2026-07-01,2026-07-31,채널,(direct) / (none),직접,견적등록,5,16,302,0.0530
7월전체,2026-07-01,2026-07-31,채널,(direct) / (none),직접,낙찰,7,6,302,0.0199
7월전체,2026-07-01,2026-07-31,채널,l.instagram.com / referral,오가닉,방문,0,127,127,1.0000
7월전체,2026-07-01,2026-07-31,채널,l.instagram.com / referral,오가닉,AI시세조회,2,43,127,0.3386
7월전체,2026-07-01,2026-07-31,채널,l.instagram.com / referral,오가닉,견적등록,5,28,127,0.2205
7월전체,2026-07-01,2026-07-31,채널,l.instagram.com / referral,오가닉,낙찰,7,0,127,0.0000
7월전체,2026-07-01,2026-07-31,채널,m.search.naver.com / referral,검색,방문,0,53,53,1.0000
7월전체,2026-07-01,2026-07-31,채널,m.search.naver.com / referral,검색,AI시세조회,2,18,53,0.3396
7월전체,2026-07-01,2026-07-31,채널,m.search.naver.com / referral,검색,견적등록,5,8,53,0.1509
7월전체,2026-07-01,2026-07-31,채널,m.search.naver.com / referral,검색,낙찰,7,3,53,0.0566
7월전체,2026-07-01,2026-07-31,채널,google / organic,검색,방문,0,29,29,1.0000
7월전체,2026-07-01,2026-07-31,채널,google / organic,검색,AI시세조회,2,5,29,0.1724
7월전체,2026-07-01,2026-07-31,채널,google / organic,검색,견적등록,5,3,29,0.1034
7월전체,2026-07-01,2026-07-31,채널,google / organic,검색,낙찰,7,1,29,0.0345
7월전체,2026-07-01,2026-07-31,지역,서울,전체,방문,0,3937,3937,1.0000
7월전체,2026-07-01,2026-07-31,지역,서울,전체,AI시세조회,2,43,3937,0.0109
7월전체,2026-07-01,2026-07-31,지역,서울,전체,견적등록,5,31,3937,0.0079
7월전체,2026-07-01,2026-07-31,지역,경기,전체,방문,0,1593,1593,1.0000
7월전체,2026-07-01,2026-07-31,지역,경기,전체,AI시세조회,2,20,1593,0.0126
7월전체,2026-07-01,2026-07-31,지역,경기,전체,견적등록,5,10,1593,0.0063
7월전체,2026-07-01,2026-07-31,지역,인천,전체,방문,0,334,334,1.0000
7월전체,2026-07-01,2026-07-31,지역,인천,전체,AI시세조회,2,6,334,0.0180
7월전체,2026-07-01,2026-07-31,지역,인천,전체,견적등록,5,2,334,0.0060
7월전체,2026-07-01,2026-07-31,지역,부산,전체,방문,0,1239,1239,1.0000
7월전체,2026-07-01,2026-07-31,지역,부산,전체,AI시세조회,2,11,1239,0.0089
7월전체,2026-07-01,2026-07-31,지역,부산,전체,견적등록,5,6,1239,0.0048
7월전체,2026-07-01,2026-07-31,지역,대전,전체,방문,0,208,208,1.0000
7월전체,2026-07-01,2026-07-31,지역,대전,전체,AI시세조회,2,7,208,0.0337
7월전체,2026-07-01,2026-07-31,지역,대전,전체,견적등록,5,1,208,0.0048
7월전체,2026-07-01,2026-07-31,지역,대구,전체,방문,0,333,333,1.0000
7월전체,2026-07-01,2026-07-31,지역,대구,전체,AI시세조회,2,6,333,0.0180
7월전체,2026-07-01,2026-07-31,지역,대구,전체,견적등록,5,7,333,0.0210
7월전체,2026-07-01,2026-07-31,지역,충남,전체,방문,0,375,375,1.0000
7월전체,2026-07-01,2026-07-31,지역,충남,전체,AI시세조회,2,4,375,0.0107
7월전체,2026-07-01,2026-07-31,지역,충남,전체,견적등록,5,2,375,0.0053
7월전체,2026-07-01,2026-07-31,지역,경남,전체,방문,0,347,347,1.0000
7월전체,2026-07-01,2026-07-31,지역,경남,전체,AI시세조회,2,3,347,0.0086
7월전체,2026-07-01,2026-07-31,지역,경남,전체,견적등록,5,2,347,0.0058
7월전체,2026-07-01,2026-07-31,지역,경북,전체,방문,0,279,279,1.0000
7월전체,2026-07-01,2026-07-31,지역,경북,전체,AI시세조회,2,4,279,0.0143
7월전체,2026-07-01,2026-07-31,지역,경북,전체,견적등록,5,2,279,0.0072
7월전체,2026-07-01,2026-07-31,지역,충북,전체,방문,0,219,219,1.0000
7월전체,2026-07-01,2026-07-31,지역,충북,전체,AI시세조회,2,2,219,0.0091
7월전체,2026-07-01,2026-07-31,지역,충북,전체,견적등록,5,2,219,0.0091
7월전체,2026-07-01,2026-07-31,지역,전북,전체,방문,0,190,190,1.0000
7월전체,2026-07-01,2026-07-31,지역,전북,전체,AI시세조회,2,2,190,0.0105
7월전체,2026-07-01,2026-07-31,지역,전북,전체,견적등록,5,0,190,0.0000
7월전체,2026-07-01,2026-07-31,지역,광주,전체,방문,0,185,185,1.0000
7월전체,2026-07-01,2026-07-31,지역,광주,전체,AI시세조회,2,2,185,0.0108
7월전체,2026-07-01,2026-07-31,지역,광주,전체,견적등록,5,1,185,0.0054
7월전체,2026-07-01,2026-07-31,지역,전남,전체,방문,0,175,175,1.0000
7월전체,2026-07-01,2026-07-31,지역,전남,전체,AI시세조회,2,0,175,0.0000
7월전체,2026-07-01,2026-07-31,지역,전남,전체,견적등록,5,0,175,0.0000
7월전체,2026-07-01,2026-07-31,지역,강원,전체,방문,0,163,163,1.0000
7월전체,2026-07-01,2026-07-31,지역,강원,전체,AI시세조회,2,0,163,0.0000
7월전체,2026-07-01,2026-07-31,지역,강원,전체,견적등록,5,0,163,0.0000
7월전체,2026-07-01,2026-07-31,지역,울산,전체,방문,0,118,118,1.0000
7월전체,2026-07-01,2026-07-31,지역,울산,전체,AI시세조회,2,0,118,0.0000
7월전체,2026-07-01,2026-07-31,지역,울산,전체,견적등록,5,0,118,0.0000
7월전체,2026-07-01,2026-07-31,지역,제주,전체,방문,0,69,69,1.0000
7월전체,2026-07-01,2026-07-31,지역,제주,전체,AI시세조회,2,1,69,0.0145
7월전체,2026-07-01,2026-07-31,지역,제주,전체,견적등록,5,2,69,0.0290
